POWER_DEMAND,temp,feelslike,dew,humidity,precipprob,windgust,windspeed,sealevelpressure,cloudcover,visibility,uvindex,preciptype_rain
5993,33.9,34.0,14.4,32.4,0,37.1,22.3,1000.3,43.3,3.2,10,False
6123,34.1,35.5,18.0,41.7,0,36.7,22.3,1000.4,29.5,3.1,10,False
6127,33.2,36.2,20.7,49.2,0,36.4,20.5,1003.2,34.9,2.8,9,False
6121,31.1,33.5,20.2,54.8,100,46.4,27.7,1005.6,61.4,3.3,9,True
5371,30.0,30.5,18.1,53.2,0,22.7,9.8,1006.2,22.5,3.1,10,False
5463,32.3,33.2,17.7,44.5,0,33.5,17.9,1005.5,39.3,2.5,9,False
5426,33.4,33.4,15.1,36.2,0,28.8,11.2,1005.0,20.1,3.1,10,False
5762,33.6,34.5,16.7,39.6,0,21.2,18.4,1003.3,13.1,4.0,10,False
6057,33.8,36.1,19.6,45.3,0,33.8,20.5,1003.0,0.0,3.5,10,False
6189,33.8,36.5,20.1,45.9,0,34.2,22.3,1003.4,8.6,3.4,9,False
6520,34.6,37.8,20.2,44.4,0,25.6,14.8,1001.4,1.3,3.4,9,False
6752,35.9,38.8,19.7,41.8,0,24.8,16.6,999.7,8.2,3.4,10,False
6781,35.0,38.0,20.0,45.9,0,33.5,18.4,997.4,9.5,3.7,10,False
6714,37.2,37.0,12.6,28.4,0,26.3,18.3,997.6,0.0,3.3,10,False
6631,37.0,36.1,9.3,21.3,0,33.5,20.0,998.7,17.8,3.7,10,False
6686,37.4,35.5,7.7,18.1,0,43.2,20.6,998.9,59.0,2.9,10,False
6679,34.6,34.5,14.0,31.2,0,29.5,13.0,1000.1,24.9,3.1,10,False
6657,35.8,36.1,15.4,31.0,0,46.4,27.7,1001.9,51.7,3.3,10,False
7008,36.2,36.7,15.3,32.6,0,33.5,14.8,1001.2,1.3,3.4,10,False
6815,37.0,37.3,14.5,30.6,100,46.4,27.7,998.2,38.1,3.1,10,True
6412,34.8,34.2,13.4,30.8,100,46.4,26.9,996.1,77.0,2.4,10,True
5935,32.2,32.8,17.4,44.9,0,36.4,20.5,995.3,33.1,3.3,10,False
6052,25.7,26.6,19.7,71.2,100,59.4,40.7,998.7,80.9,3.1,9,True
4462,26.3,27.7,21.0,75.1,100,49.7,63.0,1004.5,52.8,3.5,10,True
4771,29.1,31.2,21.8,66.6,0,19.8,13.0,1005.2,41.2,2.9,10,False
5115,30.6,32.2,20.7,59.1,0,23.0,11.2,1003.0,9.4,3.2,10,False
5680,32.4,34.5,19.7,50.5,0,37.1,28.2,999.8,31.1,3.1,9,False
6133,34.4,38.3,21.0,46.6,0,29.9,13.0,998.0,51.2,3.2,9,False
5967,34.0,38.2,21.7,50.4,0,35.3,14.8,998.2,44.0,3.1,10,False
6357,31.4,34.7,21.9,59.4,100,29.2,16.6,999.6,54.9,3.2,10,True
6115,32.9,35.2,19.9,49.2,0,27.4,9.4,999.8,31.4,2.9,10,False
6091,35.0,36.0,16.9,38.7,0,27.4,11.2,1000.2,47.5,2.9,10,False
6442,35.4,35.8,15.8,32.8,0,32.8,10.8,999.8,43.8,3.1,10,False
6518,35.6,34.8,12.6,28.5,0,33.5,15.4,998.9,30.6,3.5,10,False
6543,36.5,35.8,12.2,27.0,0,21.6,16.6,999.3,26.6,3.5,10,False
6576,37.3,36.0,10.1,20.8,0,36.0,17.4,999.5,29.6,3.5,10,False
6692,36.8,35.8,11.2,23.8,0,32.4,18.0,998.7,17.5,3.4,10,False
6797,37.3,36.0,11.1,22.2,0,40.7,23.2,998.3,16.4,2.9,10,False
6824,37.3,36.0,10.5,21.5,0,49.3,29.6,998.1,16.4,2.5,10,False
7048,37.5,37.1,13.3,24.6,0,31.7,16.3,997.1,15.9,4.1,10,False
7089,37.8,37.9,14.4,26.1,0,45.0,30.4,997.8,16.3,2.8,10,False
0,37.7,37.0,11.9,22.1,0,42.5,27.4,998.0,10.8,3.2,10,False
6935,37.7,37.4,13.7,24.7,0,35.3,21.1,999.3,14.2,3.2,10,False
7202,37.6,38.4,16.2,29.2,0,37.1,16.6,1001.2,58.0,3.4,10,False
7139,35.3,37.3,18.7,38.0,0,47.2,21.4,1000.8,67.4,3.1,9,False
7227,36.1,38.8,19.5,39.3,0,40.7,23.0,999.0,25.0,3.9,9,False
7187,34.1,37.1,20.5,46.1,100,46.4,23.2,999.8,42.9,3.5,9,True
6708,29.2,32.3,22.9,70.8,100,55.4,19.3,1001.1,76.8,3.0,9,True
5325,28.9,32.6,23.7,74.1,100,22.3,18.0,1002.0,87.9,2.4,6,True
0,28.3,31.4,23.2,74.4,100,11.9,16.6,1001.4,87.1,3.7,9,True
5010,29.0,31.3,21.6,65.6,0,14.8,14.4,999.7,79.9,2.8,10,False
5273,30.2,33.0,21.6,61.2,100,37.1,18.4,999.0,68.4,3.1,9,True
5536,31.0,34.4,21.8,59.3,0,37.1,18.4,1003.5,56.1,3.2,9,False
5587,33.1,35.6,20.1,48.1,0,33.5,20.5,1004.4,24.5,3.6,10,False
5614,33.3,33.7,15.6,38.6,0,33.5,14.8,1001.9,0.0,3.1,10,False
5790,34.3,34.6,15.4,34.8,0,13.7,14.8,999.2,0.0,3.6,10,False
6700,35.0,40.1,21.9,48.0,0,33.5,24.1,1000.1,23.1,3.4,9,False
7168,35.7,42.6,23.7,51.1,0,32.0,18.4,1001.1,25.0,3.3,9,False
7528,35.9,43.8,24.4,53.1,0,35.3,16.6,998.3,54.3,3.0,9,False
7770,34.9,41.5,23.7,53.8,0,33.8,18.4,995.9,77.9,3.1,9,False
7130,27.7,31.3,25.3,88.2,100,28.1,20.5,999.3,89.9,2.3,6,True
5289,28.2,33.5,26.0,88.6,100,19.1,13.0,999.6,92.5,2.5,8,True
5651,31.0,37.3,25.0,72.9,100,18.0,15.3,997.5,85.5,7.1,9,True
5918,33.1,38.5,23.3,57.4,100,24.8,15.8,997.8,64.4,17.9,7,True
6580,33.5,42.4,25.6,64.1,100,15.8,11.2,998.3,64.0,7.6,9,True
6983,33.9,43.4,26.0,64.5,0,27.4,13.7,998.6,66.3,4.4,9,True
7279,34.4,44.2,26.0,63.0,0,33.5,18.4,1001.0,64.5,3.8,9,False
7284,34.6,43.3,25.3,59.3,0,24.8,18.4,1002.8,64.5,3.7,9,False
7411,34.9,42.0,24.1,54.8,0,22.0,14.8,1000.4,49.4,3.6,9,False
7181,32.0,39.2,24.9,66.5,0,38.9,22.3,998.8,60.9,3.2,8,True
6133,31.0,38.2,25.6,73.6,0,33.5,18.4,1000.4,64.0,3.7,3,True
6528,31.8,38.6,24.9,67.9,100,33.5,16.9,1000.9,56.6,3.3,9,True
6318,30.3,38.0,26.2,80.1,100,33.5,14.7,1000.5,66.2,2.9,9,True
6257,31.5,39.2,25.8,73.3,0,24.5,13.0,998.5,66.7,3.4,9,True
6173,32.3,39.9,25.2,67.6,100,40.7,16.6,997.9,66.0,4.7,8,True
6773,32.9,39.8,24.7,63.7,0,37.8,20.5,999.6,71.4,4.0,9,False
6681,29.4,34.5,25.4,80.4,100,40.7,22.3,1000.9,71.9,3.1,8,True
6046,29.9,36.6,26.2,81.9,100,29.9,15.3,1002.8,78.3,3.2,8,True
6847,33.2,42.9,26.3,68.8,0,18.4,13.0,1001.3,61.0,3.5,9,True
6816,32.4,42.2,26.7,73.5,100,40.7,17.1,999.9,66.0,3.4,9,True
6571,29.7,36.7,26.4,84.0,100,40.7,22.3,999.8,90.5,4.0,9,True
5821,29.0,34.3,25.8,84.0,100,23.4,11.2,1002.5,92.1,3.3,7,True
5691,29.4,37.5,26.9,86.7,100,23.0,15.4,1003.7,92.0,2.2,9,True
5485,29.7,37.4,26.8,85.6,100,33.8,18.4,1002.1,87.1,2.8,7,True
5655,30.0,37.7,26.5,82.5,100,46.4,22.5,1001.9,74.0,3.0,8,True
5770,30.0,36.9,26.0,80.3,100,37.1,21.5,1004.1,73.9,3.3,6,True
5876,29.4,35.8,25.7,81.0,0,37.4,20.5,1005.3,68.8,3.0,7,True
5897,30.0,37.4,26.1,80.0,0,27.0,16.6,1004.7,80.5,3.3,8,True
5692,28.6,34.6,26.0,86.3,100,22.0,11.2,1006.0,86.7,3.2,8,True
5479,28.0,32.5,26.0,89.2,100,29.5,11.2,1005.5,95.0,3.0,8,True
4978,28.4,34.0,26.0,86.9,100,19.1,16.6,1003.7,92.1,3.0,7,True
5070,28.7,33.6,25.6,84.3,100,14.0,11.2,1001.2,87.7,3.3,9,True
5468,29.7,36.1,25.6,79.6,0,14.0,13.0,1001.4,84.1,3.9,9,True
6089,31.0,38.2,25.9,75.9,0,12.2,29.0,1000.8,50.7,3.6,9,True
5967,30.8,38.5,26.0,76.1,100,22.3,14.8,1002.1,68.0,3.1,8,True
5814,29.4,36.6,26.4,84.6,100,20.9,18.4,1002.8,86.2,2.7,8,True
5481,27.9,33.8,26.5,92.1,100,28.4,13.0,1001.6,85.6,2.4,8,True
5578,30.2,39.1,27.2,84.5,0,20.9,11.2,999.7,74.7,2.9,9,True
5421,27.6,32.4,26.4,93.3,100,55.4,27.7,999.8,89.8,2.6,8,True
5776,30.1,36.1,25.9,79.9,0,18.0,9.4,999.5,74.6,3.0,8,False
6233,32.0,41.6,26.8,75.3,100,20.5,16.6,999.1,58.1,3.5,7,True
6388,32.5,40.6,25.6,68.9,0,27.7,15.5,997.9,52.4,4.5,9,False
6328,29.6,35.1,24.5,73.9,100,51.8,18.5,999.8,69.9,4.1,7,True
5873,31.2,37.6,25.0,71.1,0,42.5,20.5,999.8,50.5,4.2,9,True
5866,30.9,37.9,25.4,73.4,0,36.7,16.6,999.5,65.9,3.7,9,False
5792,28.9,35.6,26.4,86.6,100,18.7,11.2,1002.1,72.1,3.6,8,True
5148,29.3,35.1,25.5,81.3,0,42.8,18.4,1003.4,87.9,4.2,4,False
5096,29.1,34.4,24.8,78.7,100,58.3,37.1,1001.6,87.7,3.1,9,True
5486,29.2,33.8,24.5,76.8,0,41.0,22.3,1002.9,76.8,3.8,9,False
5808,30.3,36.6,25.3,76.1,0,17.3,11.9,1002.1,52.6,4.2,8,False
5711,31.1,37.7,25.1,71.6,0,33.5,17.4,1002.0,52.0,4.8,9,False
5647,29.6,36.5,25.9,80.8,100,19.1,13.0,1003.5,81.9,3.5,8,True
6064,30.9,38.5,26.0,76.7,100,15.1,11.2,1001.5,77.3,3.2,8,True
6267,31.5,39.9,26.0,74.3,0,32.8,22.3,999.7,74.9,3.5,9,False
6111,30.7,36.8,24.7,71.4,0,55.4,27.7,1001.0,70.5,4.0,9,True
5783,29.1,34.7,25.3,80.9,100,35.6,16.6,1005.2,71.3,3.6,7,True
5862,30.1,34.9,24.3,72.3,0,23.0,11.2,1004.7,58.6,3.6,9,False
6100,30.7,36.7,24.9,73.0,0,29.5,14.8,1004.0,50.1,3.9,8,True
5910,30.7,36.1,24.3,70.2,100,33.5,20.1,1003.1,47.4,3.8,9,True
5945,30.6,34.7,23.1,65.9,0,35.3,17.9,1003.7,57.0,3.9,7,True
0,30.3,34.2,23.1,66.9,100,16.9,18.4,1007.5,67.2,3.5,9,True
5866,30.2,36.8,25.5,77.4,100,11.2,16.6,1007.9,76.0,3.3,9,True
6253,31.5,37.0,24.1,66.9,0,19.4,14.8,1005.3,46.5,4.3,8,False
6479,32.1,38.3,24.4,66.3,0,29.2,11.2,1005.0,64.8,5.3,5,True
6440,32.1,37.5,23.7,62.9,100,17.6,13.0,1006.4,73.0,7.0,8,True
6298,32.2,36.5,22.5,58.2,0,33.5,22.3,1004.0,52.3,5.1,9,False
6288,32.3,36.4,22.2,56.6,0,29.5,16.2,1002.7,30.8,4.9,9,False
6429,31.9,35.9,22.3,58.7,0,12.6,13.2,1004.6,44.3,4.7,9,False
6488,31.7,35.7,22.4,59.4,0,18.0,14.8,1005.9,39.0,3.8,9,False
6482,32.1,36.4,22.6,59.3,0,23.0,11.2,1007.4,39.1,3.6,9,False
6634,32.2,37.5,23.6,61.8,0,19.1,9.4,1008.3,37.8,3.2,9,False
6614,32.2,38.3,24.2,64.8,0,17.6,16.6,1007.5,50.2,3.4,8,False
6542,31.6,39.3,25.7,71.9,0,20.9,14.8,1006.6,54.7,3.0,8,True
6272,32.2,37.7,23.5,61.3,0,18.0,13.0,1004.2,38.3,7.2,8,False
6444,31.8,36.9,23.5,62.8,0,28.1,18.4,1003.1,44.4,3.8,8,True
6282,30.0,33.8,23.6,70.4,100,37.1,18.4,1003.7,69.9,4.2,7,True
5947,28.5,32.6,24.3,78.6,100,39.2,20.9,1004.3,76.8,3.3,6,True
4746,28.5,32.3,24.8,82.2,0,22.7,11.2,1002.5,63.7,3.1,8,False
5094,29.5,32.9,23.9,73.6,0,17.3,9.4,1005.6,38.4,3.1,8,False
5318,29.3,34.1,24.6,77.3,100,15.8,13.0,1005.9,63.4,2.9,8,True
5332,28.8,33.1,24.2,77.1,100,11.5,11.2,1005.8,71.7,3.0,8,True
5167,27.1,29.2,24.7,87.1,100,16.9,16.6,1005.7,87.9,2.9,8,True
4718,25.4,25.9,24.7,95.9,100,37.1,16.6,1005.2,96.3,2.4,3,True
4573,25.0,25.5,24.7,98.2,100,42.8,13.0,1003.8,100.0,2.2,1,True
4146,25.3,25.5,24.8,97.2,100,38.9,20.5,1002.1,99.7,2.0,6,True
3987,27.0,29.3,24.1,84.8,0,31.3,11.2,1005.1,78.9,3.5,8,True
4612,28.1,31.3,24.6,82.4,0,17.6,13.0,1008.7,44.2,2.7,8,False
4771,28.6,31.2,23.6,76.5,0,18.0,11.2,1007.7,37.4,3.1,8,False
4896,29.2,32.0,22.9,71.1,0,19.8,13.0,1006.5,19.8,3.0,8,False
5018,28.8,31.6,22.9,71.6,0,19.8,14.8,1006.3,14.5,2.8,8,False
5062,28.9,31.9,23.3,73.5,0,22.7,13.0,1006.7,28.2,2.6,8,False
4722,29.1,31.5,22.8,72.0,0,20.2,13.0,1005.8,11.6,2.6,8,False
4510,29.5,31.3,21.4,64.1,0,27.4,16.6,1006.1,6.2,3.5,8,False
4803,29.0,30.2,19.8,59.4,0,33.5,24.4,1007.1,9.4,3.3,8,False
4944,29.1,31.2,21.0,63.3,0,11.9,11.2,1008.6,22.5,3.7,8,False
4693,28.7,31.5,22.5,69.7,0,19.8,9.4,1007.9,50.4,2.2,8,False
4616,26.0,26.9,21.8,78.3,0,28.4,16.6,1009.2,61.5,3.0,7,False
4450,23.9,23.9,21.6,87.3,100,27.4,16.9,1009.9,94.7,10.6,1,True
3795,22.5,22.5,21.9,96.9,100,35.3,18.4,1010.5,99.4,5.4,1,True
3422,22.0,22.0,21.8,99.0,100,42.8,18.4,1010.1,100.0,1.6,0,True
3422,22.0,22.0,21.6,97.2,100,40.0,14.8,1011.7,100.0,2.2,0,True
3874,24.8,25.7,22.4,87.1,100,15.5,9.4,1009.9,82.5,2.6,7,True
4013,25.3,26.0,21.7,81.7,0,16.6,9.4,1011.2,49.9,2.0,8,False
3995,25.4,25.7,19.4,72.7,0,22.7,17.6,1012.3,7.6,3.6,8,False
4001,25.5,25.8,19.4,71.6,0,16.2,13.0,1012.1,0.4,2.8,8,False
3668,25.8,26.1,19.2,69.8,0,11.5,13.0,1011.4,3.3,2.3,8,False
3470,26.2,26.5,17.4,61.0,0,15.8,7.6,1013.4,0.0,6.7,8,False
4003,26.5,26.5,16.1,56.0,0,15.5,10.2,1013.5,0.0,6.9,8,False
3954,26.0,25.8,15.2,55.6,0,16.2,7.6,1012.1,0.0,3.5,8,False
4015,26.5,26.3,14.6,50.8,0,20.9,9.4,1011.7,0.0,3.1,7,False
4047,26.2,26.0,15.1,54.1,0,19.8,7.6,1013.4,15.0,3.1,7,False
4043,26.2,25.9,15.4,55.3,0,21.2,7.6,1015.7,23.3,2.7,7,False
3765,25.2,25.0,15.2,56.8,0,15.8,13.0,1016.9,2.5,2.7,7,False
3279,23.9,23.7,13.3,55.0,0,10.8,9.4,1015.8,0.0,2.5,7,False
2994,23.6,23.4,14.6,60.1,0,16.6,11.2,1011.1,0.0,2.2,7,False
3108,23.8,23.6,13.1,53.7,0,23.4,16.6,1009.4,0.0,2.6,7,False
3047,24.1,23.9,15.2,60.9,0,12.6,7.6,1013.1,0.0,2.3,7,False
3429,24.3,24.1,14.9,59.7,0,12.6,9.4,1013.2,0.0,2.3,7,False
3663,24.0,24.0,16.2,64.5,0,16.6,5.4,1013.3,0.0,1.8,7,False
3466,23.8,23.8,16.7,68.2,0,13.0,9.2,1014.4,1.5,1.8,7,False
0,23.3,23.3,15.0,62.0,0,15.8,9.4,1014.6,0.0,2.0,7,False
3556,23.4,23.4,15.9,66.0,0,13.0,6.4,1014.3,0.0,1.8,7,False
3663,24.6,24.5,15.9,62.6,0,21.6,7.6,1014.3,0.0,1.7,7,False
3721,24.0,24.0,16.3,64.6,0,22.3,18.4,1012.6,0.0,1.7,7,False
3725,23.9,24.0,16.3,65.1,0,20.9,9.4,1012.2,8.6,1.4,6,False
3847,24.4,24.6,17.3,66.9,0,18.0,7.6,1013.4,0.3,1.2,7,False
3646,24.0,24.5,19.7,78.3,0,21.2,13.0,1015.4,3.9,1.2,7,False
3504,24.8,25.2,19.0,72.3,0,20.9,13.0,1015.7,18.7,1.6,6,False
3767,25.0,24.9,16.7,64.1,0,14.4,9.4,1014.6,17.5,1.8,7,False
3752,23.7,23.8,17.4,69.5,0,29.5,13.0,1015.7,36.9,1.5,6,False
3713,23.4,23.3,14.8,60.6,0,12.2,7.6,1015.8,24.4,2.4,6,False
3831,23.5,23.5,16.0,64.6,0,17.3,13.0,1016.8,28.6,2.1,6,False
3756,21.8,21.8,13.4,61.9,0,22.3,20.5,1017.2,0.0,1.8,7,False
3469,21.0,20.9,10.3,53.4,0,31.7,16.6,1016.6,0.1,2.1,7,False
3364,20.5,20.5,10.9,56.7,0,20.9,16.6,1015.2,9.2,2.2,7,False
3539,22.6,22.4,12.2,55.4,0,38.5,11.2,1015.8,31.7,2.4,6,False
3525,22.0,22.0,12.4,56.5,0,34.2,9.4,1015.6,37.4,2.4,6,False
3576,20.6,20.6,9.4,52.9,0,22.0,16.6,1014.8,7.4,2.5,6,False
3528,18.7,18.7,9.6,57.4,0,33.5,18.4,1014.7,1.5,2.4,6,False
3717,18.6,18.6,8.4,54.3,0,16.9,14.8,1016.0,7.7,2.4,6,False
3439,18.7,18.7,8.4,54.7,0,10.1,9.4,1016.6,24.4,2.7,6,False
0,18.7,18.7,9.1,55.7,0,15.5,11.2,1015.1,14.0,2.3,6,False
3529,18.6,18.6,9.5,58.5,0,19.4,14.8,1014.1,3.3,2.7,6,False
3591,18.6,18.6,8.5,54.4,0,19.8,14.8,1014.1,1.1,2.5,6,False
3614,18.5,18.5,6.7,49.6,0,20.5,18.4,1014.4,0.0,2.7,6,False
3560,18.3,18.3,7.5,51.3,0,18.4,11.2,1014.3,4.8,2.6,6,False
3678,18.3,18.3,7.7,54.6,0,15.8,11.2,1016.6,9.1,2.5,6,False
3525,18.2,18.1,8.3,56.4,0,21.2,13.0,1013.6,8.8,3.9,6,False
3608,17.6,17.6,9.1,61.6,0,10.8,7.6,1011.7,1.7,1.9,6,False
3581,17.8,17.8,9.3,61.5,0,6.8,6.9,1013.1,0.1,1.7,6,False
3617,17.5,17.5,10.1,65.3,0,5.8,5.4,1015.3,10.8,1.5,6,False
3751,17.5,17.5,10.4,65.9,0,11.2,11.2,1016.5,7.4,1.7,6,False
3642,17.4,17.4,11.1,69.0,0,12.6,13.0,1015.4,3.7,1.5,6,False
3820,17.8,17.8,10.4,65.4,0,9.7,6.9,1014.3,21.6,1.6,6,False
3650,17.7,17.7,11.7,70.0,0,9.4,5.4,1015.1,7.1,1.6,6,False
3346,17.5,17.5,12.4,74.1,100,8.6,9.4,1015.7,1.7,1.5,6,True
3662,16.7,16.7,10.3,69.3,0,12.2,10.4,1017.3,0.0,1.6,6,False
3766,16.0,16.0,10.2,70.7,0,28.1,15.0,1016.2,0.1,1.8,6,False
3834,16.2,16.2,9.4,67.3,0,28.4,18.4,1015.3,0.0,2.0,6,False
3604,17.1,17.1,9.3,62.6,0,22.7,16.6,1016.0,0.0,2.3,6,False
3939,17.6,17.6,9.1,62.2,0,19.4,14.8,1014.9,0.0,3.0,6,False
3779,17.6,17.6,11.1,69.3,0,17.6,11.2,1015.2,3.8,2.1,6,False
3809,18.0,18.0,10.9,67.0,0,25.6,11.2,1015.6,0.0,2.2,6,False
3794,17.6,17.6,9.0,61.0,0,28.4,13.0,1014.8,8.7,2.6,6,False
3829,17.7,17.7,7.4,55.3,0,41.0,18.4,1016.1,0.0,2.6,6,False
3942,16.6,16.6,7.0,57.3,0,41.8,16.6,1016.0,0.0,2.9,6,False
3860,15.0,15.0,5.6,56.4,0,22.7,13.0,1014.9,0.0,3.2,6,False
4084,15.1,15.1,6.3,58.5,0,20.5,11.2,1014.0,0.3,3.6,6,False
3814,15.2,15.2,7.0,61.7,0,12.2,11.2,1015.7,0.0,2.4,6,False
4057,15.1,15.1,9.6,71.7,0,9.4,11.2,1016.0,4.8,1.8,6,False
3867,14.7,14.6,9.5,74.7,0,9.4,7.6,1014.7,15.9,2.1,6,False
4070,13.7,13.6,9.4,79.0,0,14.8,10.6,1014.0,54.9,0.9,6,False
4256,13.6,13.6,10.0,81.3,0,15.1,9.4,1015.3,15.6,1.0,6,False
4242,12.4,12.2,9.4,84.2,0,14.4,9.4,1015.2,25.0,1.0,6,False
4560,12.6,12.5,8.7,80.5,0,13.7,9.4,1014.3,30.7,1.1,6,False
0,11.8,11.5,8.1,80.9,0,25.9,13.0,1015.9,15.9,1.4,6,False
0,10.0,9.1,8.3,90.1,100,20.5,16.6,1016.7,13.3,1.2,6,True
4691,9.0,8.4,8.3,95.6,0,15.1,9.4,1018.6,28.5,0.5,6,False
4675,10.3,9.7,8.4,88.7,0,29.5,14.2,1018.2,54.4,0.8,5,False
4868,13.2,12.8,7.7,74.1,0,41.0,19.4,1017.5,3.5,1.9,6,False
4686,14.9,14.9,8.1,68.8,0,28.1,11.2,1018.3,43.8,1.8,6,False
4841,15.6,15.6,10.7,75.2,0,22.0,13.0,1018.7,44.5,1.0,6,False
4455,13.9,13.9,11.2,84.9,0,28.8,18.4,1019.7,10.2,1.2,6,False
4588,13.4,13.3,9.6,79.8,0,12.2,9.4,1020.6,24.0,1.7,6,False
4580,12.4,12.4,10.3,87.9,0,7.6,9.4,1021.4,18.1,0.8,6,False
4826,11.2,11.0,8.7,85.6,0,16.2,9.4,1022.2,22.9,0.8,6,False
5040,9.6,9.0,7.9,90.1,0,17.3,11.2,1022.2,12.9,1.0,6,False
5225,9.7,9.4,6.1,83.0,0,14.4,8.7,1023.7,25.0,3.6,6,False
5399,9.1,8.9,6.9,87.7,0,14.8,11.2,1024.2,23.7,0.7,6,False
5091,8.3,7.8,6.4,89.2,0,19.1,11.2,1022.1,35.2,0.8,6,False
5137,9.6,9.0,6.6,85.3,0,25.6,9.4,1019.5,52.2,2.7,6,False
5466,11.0,11.0,9.6,91.8,0,13.3,7.6,1020.2,56.1,0.5,6,False
5385,11.1,10.7,9.0,88.6,0,23.4,11.8,1019.3,49.4,0.6,6,False
5376,11.9,11.6,9.6,87.6,0,24.5,18.4,1014.8,60.8,0.5,5,False
5080,14.4,14.3,12.0,87.0,100,34.9,14.8,1012.2,46.9,1.0,6,True
5050,15.1,15.1,13.4,90.5,0,31.0,13.0,1013.3,51.2,0.8,4,True
4733,13.0,12.9,9.6,82.0,0,24.5,18.4,1016.5,34.2,1.3,6,False
4785,10.5,10.0,1.6,59.6,0,25.9,21.1,1015.5,3.4,2.4,6,False
4878,10.6,10.4,2.6,61.2,0,14.8,13.0,1016.8,4.5,1.6,6,False
5001,11.3,11.0,1.3,55.1,0,17.3,14.8,1017.4,0.0,4.7,6,False
5079,11.0,11.0,2.4,60.1,0,11.9,11.2,1019.3,5.7,1.9,6,False
0,14.3,14.3,4.2,54.4,0,15.8,7.6,1019.0,52.4,1.5,6,False
4863,16.2,16.2,8.3,62.1,0,37.4,13.0,1017.3,52.8,2.3,6,False
4482,15.1,15.1,11.3,80.0,0,15.8,7.6,1016.8,6.0,1.5,6,False
4541,15.6,15.6,9.7,72.4,0,11.2,9.4,1016.0,21.9,1.2,6,False
4396,16.6,16.6,9.0,68.2,0,13.7,11.2,1015.3,20.2,1.5,6,False
4380,17.1,17.1,13.8,81.5,0,38.5,16.6,1014.1,70.3,1.6,6,True
4475,15.5,15.5,14.2,91.8,0,40.0,11.2,1015.9,61.5,1.2,6,True
3943,14.2,14.2,13.2,94.1,0,30.2,14.8,1018.5,51.8,1.0,6,False
4646,12.9,12.7,6.0,65.8,0,30.2,16.6,1018.3,8.1,1.5,7,False
4358,13.5,12.9,6.9,68.6,0,29.5,13.0,1015.2,0.0,1.7,7,False
4433,13.0,13.0,11.6,91.8,100,25.6,14.8,1014.9,73.5,1.3,4,True
4570,14.5,14.5,13.4,93.5,100,46.4,27.7,1018.2,73.4,1.8,5,True
4611,14.7,14.7,13.6,92.9,0,38.5,19.7,1018.9,59.6,1.0,7,False
4557,14.2,14.0,10.8,82.0,0,42.8,18.4,1017.8,39.0,1.5,7,False
4406,15.8,15.7,9.0,68.0,0,40.0,18.4,1016.5,0.0,2.3,7,False
4584,16.2,16.2,9.6,68.8,0,25.2,14.8,1016.4,2.3,2.5,7,False
4107,17.2,17.2,9.9,65.8,0,27.4,18.4,1014.0,0.0,2.3,7,False
4197,17.5,17.5,10.2,67.1,0,24.8,14.8,1012.7,0.0,2.4,7,False
4037,19.7,19.6,12.0,65.2,0,15.8,9.6,1011.8,14.7,2.8,7,False
4064,18.4,18.4,11.8,70.0,0,33.5,17.3,1011.7,1.3,2.3,7,False
4078,16.9,16.9,8.3,60.1,0,23.8,17.3,1014.1,12.2,2.8,7,False
3967,19.3,19.2,10.0,60.8,0,29.5,11.2,1012.6,4.7,2.6,7,False
4021,21.2,21.0,12.2,61.0,0,33.8,9.6,1011.3,7.0,3.0,7,False
3836,20.1,20.1,15.0,74.9,0,35.3,17.3,1013.6,2.4,2.0,7,False
3794,17.3,17.3,5.4,49.7,0,43.2,23.8,1017.9,0.0,2.6,7,False
3883,15.5,15.1,1.5,41.8,0,53.6,29.7,1016.1,0.2,3.3,7,False
4001,17.2,17.2,3.3,43.2,0,51.5,18.4,1015.9,5.9,3.4,7,False
4053,18.6,18.5,7.8,52.7,0,45.4,16.6,1013.4,0.2,2.9,7,False
3811,19.8,19.8,13.2,67.8,0,15.5,7.6,1014.9,10.6,2.0,7,False
3998,21.1,21.1,15.2,72.5,0,15.1,10.1,1016.0,45.7,1.5,7,False
3921,21.0,20.9,14.5,70.9,0,13.3,11.2,1015.4,22.5,1.6,8,False
3600,21.7,21.6,14.8,69.3,0,9.4,9.0,1014.3,21.5,2.0,7,False
3660,23.3,23.1,14.1,63.3,0,24.8,13.0,1011.3,33.9,2.5,7,False
0,22.8,22.8,15.8,67.4,0,31.3,13.0,1010.7,10.2,2.6,8,False
3855,21.3,21.3,14.9,71.5,0,31.3,10.1,1012.8,33.6,3.2,7,False
3663,21.0,20.8,11.6,60.9,0,35.3,16.6,1013.0,4.3,2.6,8,False
3932,20.7,20.5,10.8,58.3,0,27.7,13.7,1014.8,30.6,2.8,7,False
3541,21.7,21.5,12.7,61.2,0,24.5,9.4,1016.6,0.0,2.7,8,False
3512,23.3,23.0,12.8,56.3,0,16.2,9.4,1017.9,10.5,2.8,8,False
3710,23.5,23.2,13.3,57.0,0,21.6,11.2,1017.6,4.2,2.7,8,False
3684,22.8,22.5,12.0,55.1,0,37.1,18.4,1017.7,21.9,2.5,8,False
3707,23.3,23.1,10.6,46.8,100,37.1,14.8,1019.0,55.3,3.6,8,True
3694,23.5,23.2,13.4,56.6,0,23.4,13.0,1019.1,10.0,2.6,8,False
3797,23.6,23.3,13.9,59.3,0,32.8,14.2,1019.5,9.4,2.7,8,False
3562,22.3,22.3,13.0,57.3,0,33.5,17.4,1019.8,48.8,2.5,8,False
3450,23.5,23.2,13.1,55.0,0,31.7,15.1,1018.5,20.5,3.2,8,False
3610,23.1,22.9,12.9,57.2,0,29.2,18.4,1016.2,3.9,2.9,8,False
3619,23.5,23.1,11.1,50.3,0,17.6,14.2,1015.8,26.5,3.2,8,False
2444,23.4,23.2,12.2,51.6,0,11.9,13.0,1016.9,42.8,2.7,7,False
3187,23.9,23.7,12.5,51.0,0,14.4,13.0,1017.0,48.2,3.2,8,False
3578,23.7,23.6,14.8,60.7,0,20.9,14.8,1015.9,10.6,2.9,8,False
3387,24.5,24.0,12.2,53.1,0,16.6,13.0,1015.6,3.0,3.1,8,False
3363,25.3,24.7,11.5,46.2,0,18.0,11.2,1014.9,9.5,2.9,8,False
3623,25.7,25.3,13.5,50.6,0,29.9,13.0,1013.5,37.1,3.0,8,False
3744,25.8,25.5,14.9,54.9,0,21.6,14.8,1010.7,14.4,3.0,8,False
3725,26.2,25.6,13.3,49.9,0,17.3,8.8,1009.6,30.0,3.2,8,False
3752,26.3,25.8,12.1,44.6,0,29.9,14.8,1010.4,74.6,2.7,7,False
3884,24.2,24.1,12.6,49.3,0,37.8,11.2,1012.0,73.2,2.8,7,False
3509,20.7,20.7,17.0,80.7,100,36.4,19.0,1011.4,90.1,2.3,8,True
3424,20.8,20.8,17.8,84.0,100,19.1,15.9,1009.3,75.1,2.2,8,True
3633,20.0,20.0,16.4,81.4,100,44.6,25.9,1008.1,89.0,2.6,8,True
3559,19.9,19.9,16.3,81.5,0,17.3,7.6,1009.3,58.1,2.6,8,False
3845,21.2,21.2,15.6,74.5,0,21.6,14.8,1010.8,49.7,2.2,9,False
3631,23.4,23.2,14.5,61.3,0,21.6,12.7,1009.4,27.8,3.1,9,False
3802,22.2,22.2,16.3,71.5,100,22.0,18.4,1009.1,73.4,2.5,9,True
3480,22.8,22.8,16.5,70.7,0,29.9,16.6,1011.8,55.3,3.1,9,False
3335,24.2,23.9,12.3,51.4,0,22.0,14.8,1011.6,13.3,3.4,9,False
3566,23.0,22.9,13.8,58.9,0,20.5,17.2,1010.8,0.0,3.2,9,False
3642,24.1,23.8,12.8,52.6,0,20.2,18.5,1010.4,24.6,3.1,9,False
3648,24.9,24.5,13.6,53.3,100,38.9,20.5,1010.8,53.2,2.8,8,True
3518,23.5,23.4,15.3,63.6,100,46.4,26.8,1009.3,76.1,2.5,9,True
3699,20.7,20.7,17.1,81.2,100,33.5,10.7,1008.9,89.1,2.6,9,True
3411,21.0,21.1,16.8,79.7,100,23.0,13.0,1009.7,55.1,2.6,9,True
3360,23.3,23.3,16.3,68.0,0,31.7,18.4,1008.6,31.0,2.8,9,False
3588,24.7,24.7,15.7,59.8,0,46.4,14.8,1007.2,18.1,2.8,9,False
3550,24.5,24.2,14.6,57.9,100,28.1,18.8,1009.7,34.1,3.5,9,True
3666,25.0,24.5,11.3,47.2,0,24.5,14.8,1010.3,2.3,3.1,9,False
3632,25.8,25.1,8.8,37.6,0,31.7,14.8,1012.5,32.5,3.6,9,False
3766,26.1,25.3,7.0,34.6,0,42.8,16.6,1014.2,0.0,3.5,10,False
3544,26.4,25.6,5.9,30.3,0,27.0,14.8,1014.6,2.5,3.3,10,False
3409,27.3,26.3,6.4,31.5,0,19.4,14.8,1014.6,0.0,3.1,10,False
3812,27.1,26.1,6.5,31.0,0,33.5,14.8,1012.7,22.6,3.1,9,False
3908,28.5,27.4,8.0,31.0,0,35.3,16.6,1011.9,18.2,3.2,9,False
4126,29.6,28.6,10.0,32.1,0,42.8,18.4,1011.4,56.1,3.4,9,False
4276,30.4,29.1,8.3,29.3,0,28.8,14.8,1009.5,28.4,4.9,9,False
4305,30.9,29.5,6.9,26.3,0,23.0,16.6,1008.8,27.7,3.2,9,False
4291,32.3,30.8,7.4,24.7,0,18.0,10.6,1008.1,6.2,3.4,10,False
4371,32.9,31.6,9.4,26.4,0,37.1,14.8,1007.0,44.2,4.7,9,False
5059,32.3,31.2,10.9,30.0,0,25.6,13.2,1007.2,22.9,3.3,9,False
5324,32.9,32.1,12.5,31.6,0,29.9,14.9,1008.3,27.2,3.7,9,False
5232,31.4,30.9,13.5,35.1,0,46.4,18.4,1006.0,55.5,3.1,9,False
5028,29.2,28.8,13.6,40.0,100,55.4,27.7,1003.2,61.6,3.3,9,True
4680,29.2,28.3,10.7,35.1,0,37.4,17.3,1004.2,56.6,3.4,9,False
4310,29.5,28.3,8.2,29.1,0,43.9,18.4,1005.4,31.9,3.6,10,False
3934,27.1,26.4,6.6,28.2,0,46.4,18.4,1007.5,78.5,3.7,10,False
4082,26.9,26.3,9.6,35.0,0,33.5,16.6,1010.5,49.6,2.9,9,False
4174,27.6,26.9,10.3,36.3,0,32.8,16.6,1011.8,21.9,3.3,10,False
4445,29.1,28.3,11.2,35.5,0,27.0,9.4,1008.5,30.3,3.1,9,False
4626,29.9,29.0,10.4,33.6,0,46.4,14.8,1007.9,48.1,3.0,9,True
4395,28.3,27.9,12.8,40.3,0,27.4,19.8,1009.0,67.6,5.4,7,True
4048,27.9,27.9,14.1,43.4,0,27.7,15.2,1008.3,83.7,2.6,8,True
3791,26.0,26.0,16.0,55.6,100,21.6,14.8,1007.3,91.2,6.0,7,True
3607,21.7,21.7,19.9,89.7,100,28.8,14.8,1007.9,86.4,2.5,5,True
3682,23.4,23.6,20.0,82.1,100,28.8,15.5,1009.3,74.9,3.3,9,True
3944,22.8,23.1,20.0,85.4,100,46.4,18.4,1010.4,71.8,2.3,9,True
3670,24.6,24.7,18.2,71.2,0,16.2,9.4,1010.2,27.6,2.2,9,False
3940,27.9,28.2,17.6,56.9,0,19.8,11.2,1008.2,29.3,3.0,9,False
3826,28.6,28.4,16.0,49.4,0,46.4,27.7,1006.5,22.5,2.9,9,False
3816,29.4,29.4,15.7,46.3,100,55.4,15.3,1005.4,44.3,3.0,9,True
4460,29.2,29.2,17.3,53.0,0,32.4,20.5,1004.7,47.7,3.2,10,False
4518,30.3,29.2,10.5,35.8,0,30.6,14.8,1007.0,9.1,2.8,10,False
4595,30.5,29.1,6.7,24.8,0,37.4,14.8,1006.7,0.0,3.2,10,False
4808,31.1,30.0,9.0,29.0,0,21.2,12.6,1007.2,1.3,3.9,10,False
5145,32.8,31.5,9.0,27.9,0,26.3,13.0,1005.8,2.0,3.5,10,False
5197,33.5,32.9,12.8,31.6,0,31.7,14.8,1005.1,13.5,3.2,10,False
5188,33.6,33.1,13.2,30.8,0,41.0,14.8,1002.3,41.7,2.7,10,False
5661,33.9,32.9,11.4,27.6,0,35.3,21.3,1002.0,36.0,3.6,10,False
5691,33.4,32.8,12.9,30.4,0,50.0,22.9,1004.1,49.2,2.5,8,False
5867,33.3,33.0,14.2,33.3,0,42.5,14.8,1005.3,61.1,2.9,10,False
5593,29.8,30.4,17.8,50.9,100,51.8,33.5,1009.6,42.2,3.4,10,True
5458,32.1,31.6,14.8,39.2,0,35.3,19.6,1006.8,7.9,4.2,10,False
5391,33.5,33.0,13.4,32.9,0,36.0,14.8,1004.5,1.3,3.7,10,False
5948,35.7,34.9,12.0,27.5,0,33.5,14.8,1004.4,7.0,3.8,10,False
6427,37.4,37.0,12.4,24.6,0,47.2,25.2,1004.2,16.1,5.2,10,False
6785,36.9,36.6,13.0,25.0,0,46.4,28.4,1004.8,47.2,3.4,10,True
6142,30.0,30.4,16.9,46.3,0,41.4,18.4,1006.1,80.7,3.3,9,False
5569,28.9,29.2,17.2,52.1,100,66.6,30.6,1005.3,62.8,4.3,9,True
4991,28.2,28.3,16.8,52.6,0,33.5,14.8,1006.4,55.3,3.9,9,False
5051,27.4,28.2,19.4,65.0,100,59.4,20.5,1006.2,44.6,5.1,9,True
4780,30.1,32.4,20.8,59.1,0,29.5,12.6,1006.8,50.1,4.7,9,False
4782,27.2,28.3,20.5,68.5,100,39.6,15.7,1008.9,62.1,4.2,9,True
4871,27.1,27.8,20.0,68.7,100,64.8,59.4,1008.6,57.2,3.0,9,True
4462,25.2,26.0,21.5,81.3,100,29.5,26.9,1007.8,71.2,2.6,9,True
4298,26.0,26.7,20.4,73.3,100,37.1,18.4,1007.5,48.5,2.8,9,True
4567,28.5,28.9,17.6,53.9,0,23.8,11.2,1006.3,41.5,4.0,10,False
4618,30.4,31.1,17.8,49.0,0,16.6,12.9,1006.1,8.0,3.6,10,False
4805,29.4,31.7,20.7,60.3,100,29.9,13.2,1005.7,65.8,2.6,9,True
5493,31.7,33.3,19.7,52.6,0,33.8,18.4,1004.2,27.8,3.2,10,False
5511,31.5,32.3,18.1,48.1,100,37.1,14.8,1004.0,46.4,3.3,10,True
5664,32.4,32.5,15.6,39.3,0,27.0,13.7,1003.8,13.9,3.5,10,False
5971,33.8,33.9,15.2,35.1,0,37.1,18.4,1003.1,8.0,3.4,10,False
6387,33.8,35.3,18.1,40.9,0,35.3,19.7,1000.3,38.8,3.7,10,False
6285,34.4,36.2,18.3,39.5,0,40.7,16.6,998.8,45.9,3.5,10,False
6101,32.8,34.8,19.7,48.5,100,37.1,20.5,999.7,32.8,3.4,9,True
6782,34.9,38.4,20.7,45.1,0,37.1,22.2,998.6,22.0,3.1,9,False
7043,36.5,39.6,19.7,39.7,0,53.6,32.7,998.5,7.0,2.9,10,False
7089,35.4,38.4,19.6,40.4,0,51.8,26.0,999.5,37.2,3.4,9,False
6799,33.6,36.0,19.6,44.6,0,46.4,21.8,1001.0,50.7,4.3,9,False
6587,32.0,36.1,21.6,56.2,100,37.1,22.9,1000.9,61.1,3.3,9,True
6531,32.5,38.1,23.7,62.0,100,21.6,13.0,1001.0,73.1,3.2,9,True
6308,31.5,37.5,24.3,66.2,100,33.5,15.7,1000.9,83.3,2.9,8,True
6255,28.6,33.0,24.9,81.0,100,37.1,16.6,999.9,90.0,3.2,7,True
6304,31.6,38.0,24.6,67.8,100,34.6,14.8,999.7,67.9,3.3,9,True
6382,31.0,37.4,25.0,71.7,100,37.1,14.8,1000.9,67.0,3.3,9,True
6880,32.4,40.3,25.5,68.1,100,21.2,14.2,1000.9,73.0,3.0,7,True
6933,32.8,41.9,26.3,69.8,100,24.8,14.8,1000.6,76.6,2.9,9,True
6829,32.2,40.6,25.7,69.2,0,33.5,14.8,1000.0,80.8,2.7,9,True
6283,26.4,28.9,25.3,93.6,100,40.7,20.7,1002.1,89.1,2.6,7,True
5460,28.8,34.7,26.1,86.1,100,15.5,13.0,1002.2,81.7,2.4,9,True
5755,29.5,37.1,26.9,86.9,100,22.0,14.8,1001.1,77.6,2.4,9,True
5980,29.6,37.1,26.6,85.0,100,21.2,18.4,1002.1,66.7,2.7,9,True
5651,28.8,35.2,26.4,87.6,100,33.5,15.3,1001.5,80.7,3.1,8,True
5770,28.2,34.2,26.5,90.7,100,35.3,14.8,999.9,82.0,2.9,8,True
5634,29.5,36.1,26.2,83.4,0,32.0,11.2,1000.6,73.5,2.9,9,False
6170,30.8,37.4,25.6,75.7,0,20.9,9.4,1001.2,54.8,3.6,9,False
6953,32.8,41.7,26.1,69.9,0,29.2,10.6,1000.6,44.8,3.4,9,False
6696,31.2,40.7,27.0,78.9,100,46.4,26.3,999.3,75.2,3.1,9,True
6540,29.9,38.3,27.1,86.0,100,46.4,27.7,999.4,82.4,2.5,8,True
5989,28.3,34.9,26.8,91.9,100,33.5,14.8,1001.3,87.4,2.8,9,True
6099,29.7,37.4,26.7,84.6,0,28.8,16.6,1002.0,81.7,3.0,8,True
5790,27.2,31.7,26.7,97.1,100,43.6,14.8,1001.9,98.5,1.9,6,True
4838,26.9,30.1,26.6,98.1,100,42.8,11.2,1001.2,93.5,2.0,7,True
5322,27.4,31.9,26.8,96.7,100,31.3,13.0,1001.4,87.9,2.2,9,True
5260,28.4,33.7,26.5,89.8,100,20.9,9.4,1001.6,87.4,2.8,8,True
5607,29.3,37.3,27.1,88.1,100,21.6,11.2,1001.0,79.2,2.6,7,True
6055,29.7,38.6,27.4,88.1,100,22.7,16.6,1001.1,73.6,2.5,9,True
5862,29.5,38.3,27.4,88.9,100,24.1,14.8,1002.2,82.8,2.5,9,True
5714,29.5,37.3,27.0,87.0,100,40.7,13.0,1001.8,75.8,2.9,8,True
0,29.0,36.1,26.9,89.1,100,12.2,13.0,1001.8,87.5,3.1,9,True
6165,30.5,40.6,27.8,86.2,0,11.9,11.2,1000.9,85.5,3.0,8,True
5879,29.4,38.8,27.9,92.2,100,25.2,13.0,1000.7,90.1,2.6,7,True
6466,30.9,40.4,27.3,82.6,0,29.5,14.8,1000.5,78.4,3.5,9,False
7018,32.8,42.2,26.4,70.8,0,19.1,9.4,1000.5,71.2,3.7,9,False
7344,33.2,44.3,27.2,71.7,0,19.4,14.8,1002.0,62.4,3.3,9,False
6924,32.1,43.1,27.5,77.2,0,37.4,18.4,1004.2,61.2,3.4,9,False
0,32.1,41.3,26.4,72.4,100,36.4,20.5,1004.4,52.5,3.7,8,True
7101,32.5,41.6,26.3,70.6,0,27.4,18.4,1001.9,65.1,3.9,8,False
7220,31.3,41.7,27.5,80.9,0,22.7,14.8,1002.3,76.1,3.2,8,True
6671,27.7,32.5,26.3,92.1,100,25.6,14.8,1004.2,80.0,2.7,6,True
6180,29.6,37.1,26.6,84.6,100,16.2,11.2,1003.1,81.4,3.0,9,True
6073,28.7,34.5,26.3,87.6,100,21.2,14.8,1001.2,90.9,2.9,8,True
5263,27.9,32.6,26.5,92.3,100,17.6,11.2,1000.5,86.7,2.9,8,True
5978,29.7,35.7,26.2,82.9,0,12.6,13.0,999.6,69.6,3.3,9,False
6527,31.1,39.8,26.6,78.3,0,19.1,14.8,999.1,57.5,3.2,9,False
6736,31.4,39.3,26.1,74.7,0,29.5,16.6,998.3,56.4,3.8,9,False
7005,30.7,39.2,26.5,78.9,100,37.1,18.4,999.0,71.2,3.5,9,True
6835,30.6,39.0,26.8,81.3,100,37.1,18.4,999.0,76.1,3.3,9,True
6405,29.3,36.7,26.7,86.7,100,16.9,16.6,1001.3,89.8,2.9,5,True
6125,29.5,37.4,27.2,88.3,100,16.6,14.8,1002.7,91.8,2.7,9,True
6169,31.4,39.4,25.9,73.4,0,34.9,22.3,1000.2,67.6,3.6,6,False
6269,30.3,35.8,24.3,70.7,0,39.2,17.8,997.9,63.1,3.6,9,False
6309,31.0,36.5,24.1,67.9,0,37.1,19.8,998.7,56.9,6.8,8,False
6277,31.4,37.1,24.1,66.1,0,33.8,22.1,1002.5,70.8,7.1,8,False
6548,30.8,37.1,24.8,71.0,100,24.8,16.6,1004.4,67.9,3.6,8,True
6588,31.3,37.0,24.1,66.4,0,20.9,15.2,1004.5,67.0,3.6,9,False
6374,31.6,36.3,23.1,61.4,0,33.1,18.4,1002.3,49.2,3.8,9,False
6069,30.9,35.9,23.6,65.7,0,38.5,16.4,1000.3,67.4,3.4,6,True
6139,30.7,36.7,24.5,70.0,0,23.8,13.0,1003.9,64.3,3.3,8,True
6023,30.1,37.8,26.2,80.5,100,20.9,13.0,1004.6,73.8,3.1,9,True
6780,31.9,40.3,26.1,72.2,100,22.0,16.6,1004.1,53.9,3.1,9,True
6912,32.2,38.5,24.3,63.8,0,31.7,15.2,1003.7,50.3,3.8,9,False
7114,32.6,39.7,24.7,64.0,0,29.5,16.6,1003.5,56.3,3.5,9,False
6902,30.6,39.1,26.9,82.1,100,19.1,13.0,1003.7,71.7,3.7,9,True
6745,31.9,41.1,26.6,75.2,0,19.8,14.8,1004.3,51.6,3.5,9,False
7186,32.6,42.7,27.0,74.0,0,25.6,10.1,1003.0,49.7,3.6,9,False
7315,31.1,41.2,27.3,80.9,0,37.1,18.4,1001.1,74.7,3.2,6,False
6331,27.6,32.9,26.3,92.4,100,45.4,14.8,1000.5,92.8,2.7,1,True
5875,29.1,33.5,24.3,75.8,0,21.6,14.8,999.9,74.1,3.5,7,False
6185,30.4,35.2,23.7,68.1,0,28.4,14.8,1000.0,47.5,3.6,9,False
5926,30.8,35.0,22.9,63.6,0,27.7,17.8,1001.8,51.7,3.5,7,False
5855,30.9,34.2,21.7,58.5,0,40.7,17.8,1001.6,57.5,3.4,9,True
6426,30.7,34.9,22.6,62.5,0,39.6,24.0,1001.8,40.9,3.4,9,False
6427,31.5,36.2,23.0,61.5,0,30.6,17.3,1003.8,48.6,3.8,9,False
0,31.6,36.7,23.4,62.8,0,29.5,16.6,1005.7,39.6,3.7,9,False
6523,31.9,36.8,23.3,61.7,0,29.5,15.2,1006.4,37.1,3.7,9,False
6681,32.4,37.3,23.2,60.6,0,29.5,18.4,1006.2,17.7,3.7,9,False
6575,33.3,35.5,19.4,46.1,0,31.7,19.4,1004.0,5.9,12.3,9,False
6533,31.9,34.7,20.8,54.4,0,37.1,16.6,1003.7,5.2,6.5,9,False
6642,31.6,34.9,21.7,58.2,0,26.3,16.6,1003.4,1.7,3.8,9,False
6953,32.0,37.0,23.2,61.0,0,14.4,12.2,1004.1,30.0,4.4,9,False
6716,31.6,35.4,22.1,59.1,0,26.3,9.4,1005.1,76.5,4.2,9,True
6371,30.8,35.4,23.3,65.3,100,33.5,14.8,1004.6,76.9,3.2,9,True
5963,30.4,34.4,23.1,66.4,0,19.1,18.4,1004.6,73.9,3.5,8,False
5920,27.2,30.1,24.8,87.2,100,30.2,23.0,1004.2,89.6,3.3,5,True
4526,25.6,26.8,25.1,96.6,100,38.5,14.8,1002.1,97.4,2.8,2,True
5233,27.7,31.3,25.0,85.8,100,40.0,11.2,1002.5,78.3,2.6,7,True
5654,29.1,33.6,24.9,79.4,0,18.0,9.4,1002.9,58.2,3.2,8,False
6206,30.8,38.2,25.9,76.3,0,19.4,11.2,1003.2,43.3,3.1,8,False
6729,31.9,40.6,26.3,73.7,0,16.6,11.2,1004.2,42.3,3.2,8,False
6404,29.4,36.1,26.0,82.1,100,37.1,18.4,1005.4,57.4,3.1,7,True
5943,28.1,33.4,26.4,91.0,100,34.6,18.4,1004.6,79.5,2.7,8,True
5162,28.3,33.1,25.9,87.8,100,39.6,18.4,1002.7,77.9,3.0,8,True
5495,28.8,32.7,24.3,77.3,0,37.1,18.4,1003.8,65.8,3.7,8,False
6009,30.6,36.2,24.5,71.2,0,21.6,13.0,1006.3,51.5,3.9,8,False
6320,31.8,36.9,23.4,62.2,0,13.7,7.9,1006.4,51.1,8.0,8,False
6543,31.0,37.2,24.8,71.0,100,29.5,14.8,1005.7,55.4,3.2,8,True
6475,30.9,37.0,24.8,71.7,0,18.0,9.4,1006.0,55.2,3.1,8,False
6338,28.4,33.4,25.4,84.4,100,50.0,31.7,1007.0,53.9,2.5,8,True
5383,28.4,31.2,23.8,77.9,0,33.5,63.4,1006.6,50.6,2.9,8,False
5645,29.4,32.5,23.4,72.3,0,15.8,9.4,1006.8,41.6,3.0,8,False
5736,30.1,34.0,23.4,68.9,0,14.8,11.2,1007.9,32.7,2.9,8,False
5640,29.6,32.1,21.8,65.1,0,15.5,13.0,1008.0,0.0,3.2,8,False
5313,28.7,29.3,19.6,62.1,0,15.5,14.5,1007.6,2.8,4.3,8,False
5413,28.9,30.1,20.3,62.3,0,12.6,11.2,1007.3,0.4,2.9,8,False
5163,29.5,30.9,20.5,61.9,0,23.0,14.8,1007.1,2.6,3.0,8,False
5068,28.9,29.4,19.1,59.8,0,33.5,14.8,1006.6,13.6,2.6,8,False
4600,27.7,27.5,15.8,52.7,0,23.0,14.8,1007.6,2.6,3.1,8,False
4755,27.2,26.9,14.5,48.9,0,32.0,16.6,1008.2,0.0,3.0,8,False
4869,27.7,27.9,16.9,54.2,0,28.4,16.6,1008.4,0.0,3.2,8,False
4843,27.6,27.7,16.4,53.7,0,23.4,14.8,1007.8,0.0,3.1,8,False
4925,28.0,28.2,16.6,52.3,0,20.2,13.0,1006.7,0.0,3.4,8,False
4861,29.0,30.4,19.4,58.0,0,15.8,14.8,1008.0,0.0,3.4,8,False
5277,30.2,32.6,21.1,60.1,0,18.4,14.8,1008.5,2.3,3.6,8,False
5500,30.4,32.6,20.8,58.8,0,23.4,14.8,1009.1,15.6,3.6,8,False
5487,29.8,31.0,18.8,52.7,0,21.6,13.0,1010.1,11.4,3.6,8,False
5040,27.9,27.9,16.9,55.8,0,23.8,16.6,1011.3,0.0,3.0,8,False
4863,27.0,26.9,15.9,53.5,0,22.0,11.2,1012.6,0.0,3.3,8,False
4958,28.1,28.4,17.3,55.4,0,15.8,14.8,1012.9,0.0,2.5,8,False
4715,28.8,29.0,17.8,55.1,0,17.3,13.0,1012.1,9.0,2.8,8,False
4523,27.6,27.9,17.9,58.1,0,15.5,16.6,1010.5,20.0,3.1,7,False
4511,25.4,25.6,16.7,59.5,100,55.4,37.1,1011.9,56.6,3.0,6,True
4022,21.9,21.9,17.6,77.2,100,25.6,14.8,1015.7,73.5,2.8,7,True
4095,24.3,24.0,14.7,60.3,0,18.0,14.8,1015.5,16.2,5.6,7,False
4078,23.7,23.5,14.1,58.8,0,15.5,11.2,1015.4,0.0,3.9,8,False
4067,24.0,23.8,14.7,59.2,0,10.4,11.2,1015.8,1.3,3.9,7,False
3812,23.8,23.6,14.5,59.7,0,12.6,7.6,1016.3,2.4,2.5,7,False
3570,24.2,24.1,15.2,59.8,0,17.6,11.2,1016.7,19.7,2.4,7,False
3979,24.6,24.4,14.8,58.3,0,14.4,11.4,1015.0,1.1,5.2,7,False
3480,24.5,24.2,14.3,56.3,0,10.4,11.2,1014.4,0.0,3.0,7,False
4006,24.1,24.0,14.7,57.9,0,18.0,13.0,1015.1,0.0,2.5,7,False
4028,24.2,23.9,13.5,54.5,0,16.6,10.6,1014.8,0.0,2.7,7,False
4038,23.7,23.4,12.3,52.1,0,14.4,11.2,1014.1,1.8,2.5,7,False
3817,24.1,23.8,12.5,52.2,0,13.0,7.6,1014.3,39.1,2.5,6,False
3656,24.6,24.2,12.8,52.2,0,12.6,9.4,1014.2,20.5,4.1,7,False
4048,25.1,25.0,15.4,58.3,0,13.3,9.4,1014.9,5.0,2.2,7,False
4124,24.9,25.0,17.5,67.1,0,15.8,9.4,1016.4,11.2,2.0,7,False
4186,24.2,24.2,16.3,64.4,0,16.2,7.6,1016.9,9.0,1.9,7,False
4153,23.5,23.8,17.7,71.8,0,12.2,7.6,1015.2,0.3,1.3,7,False
4140,22.8,22.8,17.1,72.2,0,16.2,7.6,1012.8,0.3,1.3,7,False
3903,22.7,23.0,17.9,75.8,0,15.8,7.6,1013.1,8.7,1.3,7,False
3819,23.3,23.3,16.5,70.7,0,13.7,9.4,1014.7,6.1,1.2,7,False
4026,22.6,22.5,14.6,64.8,0,11.2,7.6,1016.2,0.3,1.4,7,False
4002,23.3,23.1,15.0,63.5,0,11.9,7.6,1015.3,2.6,1.5,7,False
4047,23.5,23.4,16.0,66.0,0,20.5,7.6,1014.3,8.0,1.3,7,False
4031,23.8,23.7,15.1,62.7,0,19.8,11.2,1014.2,8.6,3.3,7,False
4097,20.3,20.3,17.5,84.4,100,37.1,13.0,1016.7,88.5,1.8,6,True
3572,19.8,19.8,15.0,76.0,0,17.3,13.0,1018.2,15.5,2.0,6,False
3025,19.8,19.8,14.1,72.6,0,18.4,13.0,1018.5,0.0,2.4,7,False
2872,19.6,19.7,14.2,74.3,0,11.5,7.6,1018.4,17.2,1.3,7,False
3205,19.9,19.9,12.6,66.1,0,11.2,7.6,1017.9,56.9,3.3,5,False
3554,19.1,19.1,12.9,70.1,0,11.5,9.4,1017.7,24.9,1.4,7,False
3536,19.1,19.1,14.3,76.1,0,11.2,9.4,1018.5,0.1,1.1,6,False
3808,20.1,20.1,14.4,73.1,0,9.7,5.4,1018.2,12.3,1.5,6,False
3558,20.6,20.6,14.1,68.8,0,8.3,9.4,1016.5,22.6,1.4,6,False
3465,19.9,19.9,13.3,68.0,0,11.9,11.2,1017.3,13.7,1.7,6,False
3504,19.5,19.5,13.2,70.4,0,11.9,9.4,1017.6,0.0,2.8,6,False
3548,18.8,18.8,13.0,70.8,0,24.5,13.7,1016.7,0.0,1.6,6,False
3724,17.8,17.8,11.1,67.7,0,21.6,11.2,1014.8,0.0,1.3,6,False
3656,18.6,18.6,11.0,65.7,0,12.2,9.4,1014.3,0.0,2.4,6,False
3911,18.3,18.3,12.0,70.0,0,12.2,7.6,1016.3,8.6,1.3,6,False
3698,18.1,18.1,12.0,69.7,0,7.6,8.2,1017.7,22.7,1.4,6,False
3825,19.4,19.4,12.5,67.1,0,13.3,11.2,1018.2,60.4,1.4,5,False
3859,18.5,18.5,13.6,75.0,100,29.2,18.4,1015.8,86.8,1.2,4,True
3749,17.7,17.7,15.4,86.9,100,30.2,9.4,1015.6,69.2,1.6,6,True
3829,18.5,18.5,14.9,81.0,0,11.9,9.4,1015.7,30.4,1.2,6,False
3784,19.1,19.1,15.8,82.5,0,14.4,13.0,1016.6,44.1,1.1,6,True
3978,19.6,19.6,15.9,80.7,0,13.3,7.6,1017.1,38.9,2.0,6,False
3658,17.9,17.9,14.8,83.5,0,10.8,8.0,1017.8,2.7,1.0,6,False
3793,18.4,18.4,13.2,75.1,0,8.6,9.4,1018.0,35.9,1.4,6,False
3769,19.7,19.7,12.9,67.4,100,11.2,11.2,1017.0,53.4,3.4,5,True
3824,17.9,17.9,11.6,69.4,0,18.0,13.0,1016.2,12.5,1.9,6,False
3837,16.9,16.9,11.4,72.6,0,13.3,7.6,1016.8,0.0,1.8,6,False
3816,16.7,16.7,12.0,75.4,0,13.7,7.8,1016.2,0.0,1.6,6,False
4032,17.4,17.4,11.1,69.7,0,17.3,11.2,1015.7,0.0,1.6,6,False
3826,16.9,16.9,10.5,69.4,0,18.0,13.0,1016.5,2.4,1.8,6,False
3885,15.6,15.6,9.2,68.6,0,27.0,18.4,1015.0,5.0,1.9,6,False
3890,15.5,15.5,7.4,65.0,0,10.4,9.4,1015.7,0.0,3.6,6,False
3950,15.9,15.8,10.1,72.2,0,11.9,9.4,1014.6,0.0,1.9,6,False
4061,16.3,16.3,9.6,69.6,0,13.3,9.4,1016.4,1.9,1.7,6,False
3740,15.4,15.3,7.9,65.4,0,17.6,16.6,1017.6,32.3,1.8,6,False
3992,15.4,15.4,7.4,63.2,0,11.5,10.1,1018.6,28.9,2.8,6,False
4003,16.3,16.3,4.3,50.6,0,13.3,9.4,1017.2,26.5,7.6,6,False
4097,15.8,15.8,8.0,64.3,0,22.3,11.2,1018.3,0.0,2.0,6,False
4096,14.6,14.5,8.9,71.5,0,27.0,18.4,1020.1,0.0,1.9,6,False
4154,14.5,14.4,7.0,64.9,0,29.2,18.4,1020.2,6.1,2.0,6,False
4338,14.2,14.2,8.0,68.6,0,19.8,13.0,1019.8,35.1,2.1,6,False
4287,14.3,14.3,9.3,75.2,0,16.6,11.2,1017.9,33.3,1.5,6,False
4570,14.3,14.3,9.7,76.1,0,10.8,13.0,1017.7,15.7,0.9,6,False
4253,16.3,16.3,10.6,72.6,0,25.2,11.2,1019.4,36.8,2.2,6,False
4253,16.0,16.0,11.5,77.6,0,13.3,9.4,1021.3,12.8,1.0,6,False
4358,14.8,14.8,11.3,81.7,0,17.6,11.2,1019.7,27.6,0.9,6,False
4382,14.1,14.1,10.7,83.8,0,10.4,9.4,1019.1,34.4,1.7,6,False
4500,13.0,13.0,11.6,91.9,0,11.2,9.4,1020.5,59.6,0.5,6,False
4515,12.8,12.7,11.3,91.1,0,12.2,9.4,1019.4,52.3,0.5,6,False
4813,13.8,13.8,12.8,93.9,0,7.9,9.4,1020.0,56.7,0.5,6,False
4441,14.6,14.6,12.9,90.0,0,6.5,9.4,1018.7,39.7,0.9,5,False
4600,13.3,13.3,11.1,87.0,0,5.8,9.4,1018.8,39.2,1.0,6,False
5062,12.1,12.1,9.0,81.7,0,10.1,11.2,1018.7,1.7,1.4,6,False
4881,11.2,11.0,8.0,82.2,0,7.6,11.2,1018.1,0.0,1.1,6,False
5250,10.8,10.6,8.7,87.8,0,7.6,11.2,1017.9,16.7,1.0,6,False
5159,10.1,9.7,9.0,92.7,0,8.6,13.0,1018.3,66.7,1.0,6,False
5413,12.0,12.0,10.8,92.9,0,9.0,11.2,1018.2,41.7,0.7,6,False
5100,12.1,12.1,9.5,84.9,0,10.8,11.2,1019.7,4.6,1.2,6,False
5087,11.6,11.5,8.3,81.2,0,7.2,7.6,1020.4,20.6,1.5,6,False
5256,10.9,10.8,9.0,88.1,0,5.8,7.6,1020.3,8.8,1.0,6,False
5372,10.9,10.6,9.4,90.8,0,20.9,13.0,1020.3,51.1,0.9,6,False
5526,9.7,8.7,7.6,87.4,0,30.2,14.8,1018.9,0.0,1.4,6,False
5370,10.6,10.0,7.7,83.4,0,24.5,11.2,1019.2,12.5,1.2,6,False
5665,10.2,9.7,7.1,83.5,0,23.8,9.4,1018.2,34.1,1.0,6,False
5316,10.9,10.9,8.6,86.7,0,10.1,7.6,1017.3,46.7,0.8,5,False
5442,10.8,10.7,8.2,85.6,0,11.9,9.4,1017.4,54.5,0.5,6,False
5454,10.4,9.9,6.7,80.7,0,10.8,9.4,1016.9,42.9,1.2,6,False
5376,10.2,9.5,8.1,88.4,0,14.4,14.8,1015.0,34.6,0.8,6,False
5523,10.8,10.4,7.5,82.6,0,16.6,10.1,1015.0,24.6,1.1,6,False
5414,10.6,10.3,8.2,86.7,0,10.1,9.4,1017.1,54.6,0.7,6,False
5769,10.0,9.6,8.2,89.6,0,10.8,11.2,1018.8,66.7,0.7,6,False
5282,11.5,11.3,8.3,82.3,0,9.4,8.2,1019.2,50.8,1.1,6,False
5430,9.3,8.4,7.6,90.1,0,20.5,14.2,1018.5,47.4,0.9,6,False
5746,10.5,10.2,7.3,82.7,0,16.6,9.4,1019.5,52.6,1.0,6,False
5391,11.9,11.6,9.2,84.9,0,10.1,11.2,1018.4,70.5,0.8,6,False
5640,11.5,11.3,9.0,85.8,0,8.6,11.2,1018.5,58.1,0.8,6,False
5520,10.9,10.6,8.6,87.1,0,7.6,9.4,1020.6,60.7,0.7,6,False
4847,12.4,12.4,7.5,76.3,0,9.7,9.4,1021.4,32.8,0.9,7,False
4968,14.0,14.0,6.7,68.3,0,23.8,15.2,1019.5,9.9,1.8,6,False
5020,13.3,13.3,9.3,78.0,0,24.1,14.8,1018.1,47.3,1.3,4,False
5122,14.1,13.9,11.1,84.1,0,24.5,11.2,1018.0,20.8,1.2,6,False
5176,12.7,12.7,11.4,92.2,0,8.6,9.4,1017.2,67.0,0.5,7,False
5296,12.8,12.8,12.1,96.2,100,19.4,14.8,1016.0,95.3,0.5,5,True
4993,15.2,15.2,14.2,94.1,100,48.2,22.3,1016.1,75.7,1.7,5,True
5338,12.9,12.9,11.9,94.1,0,37.4,14.8,1019.5,65.8,0.9,7,False
4893,13.9,13.7,8.6,74.5,0,39.2,9.4,1018.1,77.7,1.7,6,False
4861,16.1,16.1,13.9,87.1,100,29.2,13.0,1016.7,87.5,1.5,5,True
4803,16.1,16.1,13.1,83.7,0,31.3,13.0,1017.8,56.7,1.9,7,True
4793,13.5,13.3,7.9,72.9,0,23.4,14.8,1019.8,31.0,2.0,7,False
4764,13.5,13.5,6.9,67.7,0,40.3,18.4,1020.6,32.1,2.8,7,False
4701,14.3,13.9,7.0,66.3,0,52.9,22.3,1018.7,18.9,2.9,7,False
4840,15.0,14.8,5.6,57.8,0,29.5,11.9,1019.1,0.0,3.5,7,False
4573,14.9,14.9,8.5,69.6,0,7.2,9.4,1021.4,0.0,1.8,7,False
4521,15.2,15.1,9.6,73.7,0,8.3,9.4,1020.8,16.7,1.5,7,False
4497,15.6,15.6,11.5,79.1,0,9.7,11.2,1019.9,36.1,1.3,7,False
4465,15.9,15.9,12.1,80.5,0,9.0,11.9,1019.0,65.4,1.1,6,False
4673,16.7,16.7,11.8,76.4,0,9.4,13.0,1018.7,36.6,1.4,7,False
4267,17.0,17.0,10.3,71.0,0,15.1,14.8,1019.6,0.0,2.0,7,False
4498,17.3,17.3,8.2,63.4,0,13.0,13.0,1020.0,0.0,2.0,8,False
4130,17.2,17.2,8.4,62.0,0,20.2,14.8,1015.6,4.1,2.5,8,False
4113,19.2,19.1,9.7,59.7,0,37.4,13.0,1012.6,24.9,3.0,7,False
4081,21.0,21.0,11.6,56.8,0,46.4,24.1,1010.5,35.8,2.7,7,True
4049,21.0,21.0,15.1,72.4,100,44.3,14.8,1010.5,65.3,2.0,7,True
4144,19.4,19.4,12.0,66.5,0,32.4,15.6,1010.7,31.0,2.4,8,False
4019,19.1,19.1,6.9,50.1,0,28.4,14.8,1013.3,27.0,4.2,8,False
4168,16.9,16.9,5.7,51.3,0,21.6,14.8,1016.2,0.0,3.5,8,False
3952,17.4,17.4,5.2,50.2,0,18.0,7.6,1016.4,34.0,3.1,8,False
4067,18.3,18.3,3.9,44.8,0,19.1,16.6,1018.5,45.2,3.6,8,False
3943,18.8,18.8,4.5,42.8,0,22.0,9.4,1018.4,53.0,3.5,7,False
4059,18.8,18.8,7.6,51.5,0,40.3,14.8,1018.1,52.8,3.5,6,True
4089,18.0,18.0,10.0,63.5,0,29.5,18.4,1016.4,0.0,3.1,8,False
4014,19.1,19.1,10.1,59.5,0,26.3,16.0,1015.2,9.4,3.4,8,False
4114,21.6,21.4,11.2,56.6,0,40.3,20.5,1014.0,46.7,2.9,6,True
3699,21.2,21.2,15.5,70.5,100,46.4,28.1,1010.9,82.4,3.0,7,True
3838,19.4,19.4,10.9,62.3,100,46.8,16.6,1011.9,65.8,3.1,7,True
3918,17.9,17.9,4.3,46.8,0,41.4,11.2,1016.2,19.6,3.4,8,False
4028,16.7,16.7,5.3,49.7,0,34.9,18.4,1017.4,37.1,3.4,8,False
4191,16.4,16.4,5.7,51.5,0,27.7,14.6,1015.8,61.6,3.1,8,False
4022,18.7,18.7,7.3,51.2,0,25.6,16.6,1015.1,37.3,3.1,8,False
4419,19.9,19.9,8.4,50.7,0,28.4,16.6,1016.0,3.9,3.4,8,False
3744,19.0,19.0,8.1,53.4,0,33.5,18.4,1016.0,10.3,3.2,8,False
3755,19.8,19.8,8.5,52.3,0,27.4,13.0,1015.4,41.9,3.0,8,False
3908,23.2,22.8,9.9,47.4,0,24.1,13.0,1016.4,21.0,3.5,8,False
3811,22.9,22.7,11.1,50.4,0,22.7,13.0,1014.6,13.1,3.2,8,False
3854,22.3,22.0,11.5,54.9,0,37.1,18.4,1012.2,39.5,3.0,8,False
3752,23.0,22.7,11.6,53.0,0,34.2,14.8,1014.8,27.5,3.0,8,False
3956,21.4,21.2,7.4,45.6,0,37.4,20.5,1014.4,2.9,4.2,9,False
3619,21.6,21.3,8.1,45.9,0,27.7,13.9,1015.9,24.8,3.8,8,False
3582,21.9,21.5,9.3,49.0,0,18.0,13.0,1015.3,35.8,3.3,8,False
3754,21.8,21.5,9.6,50.6,0,20.5,13.0,1013.8,20.6,3.1,9,False
3762,23.0,22.6,10.2,49.2,0,20.5,15.7,1013.3,6.0,3.4,9,False
3860,24.3,23.7,11.1,49.4,0,14.0,13.0,1013.3,6.2,3.2,9,False
3692,23.1,23.1,15.0,62.3,0,28.1,18.4,1013.2,26.8,3.3,9,False
4090,25.3,25.2,15.7,58.9,0,29.2,16.6,1009.8,16.1,3.3,9,False
3750,26.5,25.9,13.8,51.1,0,33.5,18.4,1008.8,14.2,3.6,9,False
3405,24.6,24.5,14.2,54.6,100,37.1,18.4,1011.2,68.1,3.4,6,True
2682,24.9,24.7,15.0,58.7,0,33.5,18.4,1012.8,15.5,3.0,9,False
3453,26.4,25.9,13.8,50.7,0,27.4,16.6,1011.7,35.0,4.0,8,False
3892,29.0,28.7,14.7,44.3,0,35.6,14.8,1013.4,49.9,3.8,9,False
4020,29.7,29.3,14.2,40.9,0,38.9,14.8,1011.1,59.5,3.8,8,False
4177,28.8,28.9,16.7,51.4,100,40.3,16.6,1010.0,55.3,2.8,8,True
4040,29.5,29.6,16.3,46.1,100,33.5,14.8,1010.4,41.9,3.0,9,True
3829,28.8,28.2,13.8,44.4,0,37.1,22.3,1011.7,19.8,3.6,9,False
3976,25.3,24.7,11.6,49.2,0,42.8,16.6,1009.9,44.1,4.0,8,False
3922,26.2,25.4,8.7,36.0,0,37.1,18.4,1008.3,41.2,3.8,9,False
4089,28.2,27.2,9.2,34.2,0,30.2,11.2,1008.8,53.4,3.7,8,False
4293,29.7,28.7,9.7,31.3,0,23.4,14.8,1008.9,46.0,4.3,9,False
4413,29.8,28.8,9.7,30.8,0,33.5,17.0,1008.4,67.8,4.0,7,False
4070,28.6,27.6,7.9,29.2,0,33.5,16.6,1008.4,18.6,3.8,9,False
3757,28.0,26.9,6.3,28.3,0,30.6,18.4,1008.4,2.3,4.0,10,False
4317,28.9,27.8,7.5,28.9,0,31.7,17.3,1009.4,4.6,4.1,9,False
4307,29.5,28.2,6.1,26.2,0,36.4,14.8,1010.0,37.2,3.9,8,False
4345,29.6,28.4,7.3,28.5,0,20.9,12.7,1010.1,5.1,3.6,9,False
4188,30.0,29.1,9.8,31.3,0,24.1,16.6,1011.1,37.7,3.7,9,False
4683,30.9,29.9,10.5,31.3,0,17.3,9.4,1010.2,37.0,3.4,9,False
4343,29.3,28.8,13.0,40.1,100,37.1,24.1,1010.0,62.4,3.3,9,True
3737,26.4,26.6,17.2,57.8,100,30.6,16.6,1012.0,85.4,2.7,9,True
4386,28.6,28.7,17.4,53.8,0,21.6,9.4,1011.6,76.6,2.5,7,False
4532,29.9,29.2,12.9,38.9,0,37.1,20.5,1010.7,37.6,4.1,9,False
0,29.1,27.8,7.4,28.5,0,42.8,20.5,1009.2,28.2,4.1,10,False
4780,31.0,29.8,8.4,25.9,0,52.2,20.5,1007.6,47.2,4.9,9,False
5036,32.5,31.8,12.9,32.0,0,47.2,14.8,1004.7,42.4,3.9,9,False
4640,30.9,30.2,13.3,36.2,0,34.9,18.4,1004.7,19.7,3.6,9,False
4552,31.0,30.2,12.3,33.7,0,33.8,20.5,1006.0,36.2,4.2,9,False
4884,31.0,30.0,11.1,31.8,0,37.1,18.4,1007.0,43.2,4.5,9,True
5002,29.2,28.5,12.9,40.5,100,46.4,27.6,1006.5,43.2,3.4,9,True
4857,29.6,28.7,12.7,41.4,0,37.1,18.4,1006.5,19.9,3.8,10,False
5074,31.4,30.1,9.8,31.1,0,38.9,20.1,1006.3,22.0,4.3,10,False
5333,31.8,30.8,11.9,33.9,100,37.1,16.6,1005.0,44.4,3.3,10,True
4963,31.5,30.9,13.9,37.7,0,38.5,18.4,1006.1,37.0,3.5,10,False
4984,31.2,30.2,11.0,31.6,0,32.0,11.2,1007.1,49.5,3.8,8,False
5301,30.9,30.2,13.2,36.0,0,46.4,16.6,1006.7,46.4,3.6,9,False
5016,29.7,28.6,8.4,30.2,0,31.7,18.4,1005.9,10.4,3.7,10,False
4724,28.2,27.0,2.0,20.8,0,37.1,18.4,1004.4,0.0,3.9,10,False
4800,28.7,27.5,5.8,25.1,0,33.5,20.5,1005.1,11.1,3.7,10,False
5020,30.3,28.9,6.0,24.7,0,35.3,18.4,1005.8,40.4,3.2,10,False
5096,32.7,31.2,7.8,23.9,0,33.5,14.8,1005.6,56.1,3.1,9,False
5366,33.8,32.3,9.0,24.4,0,35.3,14.8,1001.7,15.8,3.4,10,False
6026,34.1,33.2,11.8,27.8,0,38.5,20.5,1003.7,15.6,3.4,10,False
6427,34.2,34.3,14.3,33.1,0,30.6,16.6,1005.1,38.8,2.8,10,False
6310,32.2,34.6,20.2,50.2,0,33.5,20.5,1006.0,17.2,3.4,9,False
6210,31.7,33.3,19.0,48.3,0,37.1,20.5,1005.6,0.0,3.8,9,False
6414,32.6,35.1,20.0,49.0,0,64.8,27.7,1006.6,23.2,3.3,9,False
5697,31.8,32.1,16.3,41.4,100,55.4,27.7,1008.8,55.2,3.2,9,True
6078,33.0,33.9,17.3,41.2,0,34.9,13.0,1008.4,43.5,3.6,9,False
6253,34.0,34.2,14.5,34.5,0,27.4,16.6,1008.5,39.4,3.8,10,False
6176,33.8,32.6,10.9,29.9,0,28.1,20.5,1008.6,17.5,3.4,10,False
6387,34.2,32.7,9.4,25.0,0,21.6,16.6,1008.5,0.0,3.7,10,False
6756,35.0,34.7,13.4,29.6,0,24.1,13.0,1007.5,0.0,3.5,10,False
6944,36.9,36.4,12.2,26.0,0,29.9,16.6,1004.3,10.5,3.9,10,False
7024,37.1,36.7,12.7,25.9,0,37.1,18.4,1001.8,12.7,3.7,10,False
7033,38.1,37.6,12.0,23.2,0,38.2,18.4,1000.1,12.3,3.6,10,False
7481,37.9,37.3,12.0,23.2,0,37.8,18.4,1000.9,29.7,3.6,10,False
7703,35.8,38.4,19.5,40.2,0,37.8,18.4,1002.2,22.9,3.6,10,False
7916,36.0,40.4,21.5,44.0,0,33.5,18.4,1002.1,16.0,3.6,10,False
7648,35.2,39.1,21.2,45.0,0,37.1,22.3,1001.8,19.7,3.9,10,False
7774,35.4,39.0,20.8,43.7,0,31.7,22.3,1001.7,3.1,4.0,9,False
7558,37.3,39.6,18.2,35.8,0,37.1,18.4,999.8,7.2,4.2,10,False
7597,37.9,38.1,14.2,26.9,0,37.1,16.6,998.0,0.0,3.9,10,False
7897,38.6,38.4,13.3,24.9,0,27.4,16.6,995.4,0.4,3.9,10,False
7799,38.6,38.5,10.6,23.7,0,33.5,16.6,993.5,0.0,3.9,10,False
8188,38.0,38.4,14.2,26.6,0,33.5,21.5,994.7,22.6,4.6,10,False
8017,39.1,39.0,11.8,22.9,0,37.1,19.2,997.9,24.0,3.8,10,False
7925,38.6,38.7,12.6,24.8,0,40.0,18.4,999.3,16.0,4.0,10,False
7915,36.5,36.1,14.0,27.3,0,38.5,18.4,1001.2,64.6,3.2,10,False
7233,36.7,36.8,15.0,29.1,0,34.2,16.6,1002.7,53.7,4.3,10,False
7805,37.2,37.4,14.8,29.1,0,43.6,15.3,1001.5,22.7,4.1,10,False
7772,37.0,38.3,16.9,32.4,0,39.6,18.4,1001.5,48.5,3.7,10,False
7892,37.8,38.3,15.4,28.2,0,48.6,27.7,1001.8,30.9,3.9,10,False
7395,33.8,34.6,16.8,39.4,100,51.8,28.0,1005.2,28.9,3.9,10,True
7349,35.6,35.4,14.2,29.9,0,33.5,18.4,1002.6,25.8,3.8,10,False
7340,35.8,35.7,14.5,29.4,0,37.1,18.4,1001.5,34.0,4.0,10,False
6992,36.0,34.8,11.3,25.3,0,31.7,18.4,1001.3,4.6,4.2,10,False
7400,37.3,36.3,11.8,23.4,0,37.1,18.4,1001.3,23.1,4.2,10,False
7556,37.2,36.4,11.8,23.9,0,35.3,16.6,1000.7,31.3,4.1,10,False
7677,37.6,37.0,12.1,24.0,0,35.6,16.6,1000.4,14.9,4.5,10,False
7897,38.8,38.6,12.9,23.3,0,46.4,18.4,999.2,34.8,4.4,10,False
8088,37.8,38.4,16.1,28.6,0,47.2,24.0,998.8,47.8,3.8,10,False
7680,38.3,38.8,15.5,27.8,0,46.4,27.7,998.7,26.9,4.4,10,False
7786,39.1,40.1,16.1,27.6,0,46.4,24.8,999.1,11.9,4.2,10,False
8155,39.5,41.0,17.5,28.7,0,41.0,23.5,999.0,17.3,4.2,10,False
8568,39.5,42.2,18.9,31.1,0,42.8,25.2,996.8,23.5,4.1,9,False
8548,38.9,42.4,19.5,33.1,0,55.4,27.6,995.0,35.0,4.2,9,False
7710,33.7,36.6,20.2,45.9,0,46.4,18.4,997.5,55.3,4.0,9,False
7642,31.9,36.3,22.8,60.4,100,37.1,14.8,999.4,65.0,3.4,9,True
6900,33.2,38.1,22.8,55.7,0,11.2,16.6,999.4,62.1,2.8,9,False
7262,33.5,40.4,24.2,59.2,100,37.1,18.4,1000.1,62.5,3.0,8,True
7472,33.2,41.5,25.4,65.3,100,51.8,18.4,999.0,85.8,3.0,9,True
7592,33.8,42.4,25.5,63.3,0,19.4,11.2,997.8,78.9,2.8,9,True
7695,33.0,41.7,25.7,66.0,100,23.4,18.4,998.5,82.9,2.8,9,True
7145,31.1,39.1,26.1,76.4,100,33.5,22.3,1001.0,77.7,5.8,3,True
6694,28.9,35.0,26.3,86.7,100,18.4,18.4,1000.2,79.6,2.8,4,True
6125,30.3,39.6,27.2,84.1,100,29.5,14.0,998.6,73.1,2.8,7,True
6777,32.6,43.9,27.6,76.1,0,20.9,14.8,998.0,66.3,2.7,8,True
7196,32.1,41.4,26.4,72.6,0,22.7,11.2,995.9,65.8,3.7,9,True
7250,33.0,43.1,26.6,70.0,100,21.2,14.8,994.2,88.5,4.5,9,True
6835,29.5,37.2,27.0,87.2,100,37.1,14.8,997.2,81.7,2.9,6,True
6055,28.6,35.4,26.8,90.2,100,25.6,11.2,999.8,85.5,3.0,8,True
6246,29.6,38.3,27.3,87.4,100,35.3,18.4,996.8,82.7,3.4,8,True
5947,29.7,37.8,26.9,85.4,100,37.4,14.8,995.7,84.0,3.1,9,True
5579,29.8,35.2,24.9,76.4,0,41.0,18.4,999.1,71.3,4.2,6,False
5735,28.3,32.6,25.0,83.2,0,37.1,18.4,1002.0,61.7,4.3,7,True
5968,29.6,38.0,27.1,87.0,100,19.1,18.4,1002.8,70.2,3.1,9,True
6313,30.8,41.1,27.7,85.0,100,33.5,14.8,1002.5,80.2,2.6,9,True
7448,33.5,44.3,27.1,72.2,100,29.5,11.2,998.4,55.4,4.5,9,True
7079,31.4,37.1,23.9,64.7,0,29.5,16.6,997.0,74.1,4.1,9,True
6470,30.3,37.5,25.9,77.9,100,46.4,11.3,997.8,66.7,3.5,9,True
6780,32.3,41.5,26.5,73.1,100,18.7,13.0,997.6,59.6,3.3,9,True
6900,31.3,41.4,27.2,79.3,100,29.5,14.8,1000.1,57.6,2.8,9,True
7375,33.2,44.8,27.5,73.5,0,23.4,18.4,1000.6,49.8,3.5,9,False
7267,32.7,45.1,28.0,77.1,0,29.2,14.7,1000.7,41.9,3.7,9,False
7031,31.0,41.7,27.8,83.6,100,37.1,18.4,999.4,67.3,3.1,9,True
7316,31.5,43.1,28.1,82.9,0,21.6,14.8,998.2,55.1,2.9,9,False
7194,32.4,42.4,27.0,75.1,100,15.8,11.2,999.0,46.1,3.4,9,True
7123,32.6,45.0,28.0,77.0,100,22.3,20.5,998.7,64.0,3.6,6,True
6922,30.9,41.7,27.9,84.8,100,31.3,16.6,999.1,70.2,3.4,8,True
7095,31.4,43.7,28.4,84.5,100,25.6,11.2,998.0,56.3,2.9,9,True
6920,30.0,39.2,27.6,87.5,100,17.6,14.8,994.8,74.6,2.6,8,True
7036,31.2,42.2,27.9,83.8,100,16.9,9.4,994.0,70.3,3.0,9,True
6949,30.9,42.0,28.1,85.7,100,18.4,11.2,995.4,84.6,3.1,9,True
6853,31.3,43.5,28.5,85.7,0,18.7,16.6,997.6,78.6,2.7,9,False
7123,33.0,44.3,27.5,74.6,100,26.6,14.8,997.8,57.0,3.7,9,True
7730,33.6,45.0,27.2,70.6,0,29.9,16.6,998.0,44.6,4.2,9,False
7862,34.4,46.7,27.5,68.8,0,24.5,13.0,999.3,49.5,4.0,9,False
8097,31.9,41.9,27.4,78.7,100,31.7,18.4,999.3,74.2,3.5,7,True
6475,28.8,34.2,26.0,85.6,100,33.8,11.2,999.5,91.4,3.9,7,True
6405,29.7,38.4,27.1,86.3,100,31.7,13.0,997.7,79.3,3.5,9,True
6292,30.3,38.5,26.6,81.5,100,36.0,16.6,999.5,66.6,4.2,8,True
6274,30.5,37.6,25.9,77.8,100,46.4,18.4,1001.4,78.0,3.9,8,True
6461,30.0,37.6,26.1,80.1,0,45.4,20.5,1000.7,66.4,3.9,8,True
6577,30.0,37.0,26.0,80.1,0,30.2,13.0,999.7,73.6,4.5,7,True
6232,28.1,34.5,26.8,92.6,100,23.8,11.2,1000.8,94.2,3.4,7,True
6171,28.5,34.7,26.6,89.8,100,23.8,18.4,1002.4,90.4,3.4,8,True
6465,29.0,36.5,26.9,89.1,100,20.5,13.0,1003.3,89.2,2.8,8,True
5793,28.9,36.5,27.0,90.0,100,24.8,13.0,1002.6,74.8,2.8,8,True
5646,27.3,31.6,26.3,94.3,100,28.1,14.8,1001.4,95.3,2.6,7,True
5445,27.5,32.7,26.7,95.2,100,25.9,13.0,1002.7,89.4,2.8,7,True
5879,28.7,36.0,27.1,91.2,100,23.4,14.8,1003.5,87.1,3.2,8,True
6263,30.6,40.2,27.4,83.8,0,17.6,14.8,1003.7,69.9,3.7,8,False
5897,29.9,40.0,28.0,90.2,100,26.3,18.4,1002.8,87.6,3.5,9,True
6517,30.0,38.8,27.3,86.1,100,29.5,16.6,1001.9,82.2,3.7,8,True
6179,30.2,38.9,27.0,83.8,100,20.5,11.2,1004.4,80.7,4.0,9,True
6338,30.7,39.8,27.0,81.2,0,19.4,16.6,1004.9,64.7,4.2,8,True
6262,30.9,39.7,26.7,79.2,0,19.8,14.8,1004.1,67.1,4.2,8,True
5895,28.6,34.1,26.0,86.5,100,16.2,18.4,1004.4,82.2,3.8,9,True
6437,30.4,37.4,25.7,77.2,0,19.8,13.0,1005.3,68.5,4.2,8,True
6793,31.0,38.7,26.1,76.2,100,24.1,13.0,1004.0,58.9,4.1,9,True
6233,28.3,34.0,25.9,87.0,0,13.3,11.2,1005.1,75.2,3.8,9,True
6086,30.3,38.8,26.8,82.2,0,17.6,11.2,1004.2,63.3,2.8,9,False
6058,30.4,37.6,26.1,79.0,100,39.6,15.8,1002.0,62.2,3.6,9,True
5975,29.9,37.6,26.4,82.0,100,55.4,37.1,1001.7,69.3,3.5,8,True
6047,28.5,33.7,25.8,86.1,100,38.2,18.4,1003.9,86.1,3.6,7,True
6068,28.0,32.7,25.8,88.5,100,35.3,16.6,1004.0,87.7,3.0,7,True
5565,27.0,30.9,26.2,95.6,100,29.2,16.6,1004.2,90.8,3.0,5,True
6158,29.4,35.1,25.9,82.8,100,37.1,18.4,1006.2,44.3,3.5,8,True
6246,30.8,39.6,26.8,80.1,0,13.0,14.8,1005.5,47.6,3.6,9,False
6538,31.7,41.1,26.9,76.9,0,11.2,11.2,1004.9,46.6,3.7,9,False
6297,29.3,37.0,26.8,86.6,100,25.6,13.0,1006.0,72.8,3.2,7,True
6607,30.9,39.2,26.5,79.1,0,22.7,18.4,1005.9,65.7,3.5,8,False
5783,27.0,30.0,25.3,90.6,100,33.5,14.8,1004.1,85.5,3.4,8,True
5671,28.3,33.0,25.4,85.4,100,20.2,7.6,1002.3,77.8,3.4,8,True
5735,28.1,32.9,25.7,87.4,100,23.4,15.7,1003.7,85.0,3.3,8,True
5429,27.4,30.1,25.3,88.7,100,23.8,20.5,1004.9,90.6,3.0,8,True
5155,27.2,31.5,26.3,95.2,100,11.9,13.0,1004.7,85.4,1.9,2,True
5722,28.8,35.4,26.9,89.9,100,11.9,16.6,1002.6,58.5,2.2,8,True
6093,28.1,32.6,25.8,88.1,100,15.5,18.4,1002.0,72.0,2.7,8,True
5683,28.4,33.2,25.9,87.0,100,18.0,9.4,1001.8,86.6,3.3,8,True
5315,26.1,28.0,25.3,95.4,100,48.6,18.4,1000.6,95.0,3.3,1,True
4848,24.0,24.2,23.7,98.5,100,52.2,22.3,1001.5,96.0,2.8,5,True
4683,26.5,29.1,24.1,87.5,100,31.7,16.6,1003.5,81.1,3.8,8,True
4630,28.0,31.2,24.4,81.8,100,31.7,20.5,1004.3,62.7,3.9,8,True
5000,28.8,32.2,24.3,77.8,0,21.2,20.5,1005.8,48.5,4.2,8,False
5490,29.0,33.0,24.5,78.1,0,15.5,13.0,1007.3,61.6,4.2,8,False
5170,25.8,27.5,23.9,89.7,100,32.0,20.5,1006.2,91.0,3.3,7,True
